"Marca temporal","¿Cuáles fueron los aspectos centrales en los que te fijaste para rentar tu casa/depa? (Requisitos indispensables para ti)","¿Cómo fue tu proceso de búsqueda? (amigos, familiares, páginas de internet, a través de la universidad, otras instituciones, etc.)","¿Cuando buscaste lugar, ya tenías roomies? Si la respuesta es negativa, ¿cómo los conseguiste? (Especifica si vives sólo)","¿Tuviste alguna mala experiencia en el proceso? Explica.","¿Qué fue lo peor y lo mejor del proceso? (un aspecto para cada una)","¿Hay algo que pudo haber facilitado tu proceso de renta?"
"2019/02/06 6:27:22 p.m. GMT","Cercanía y seguridad","Internet ","Ya tenía ","No","",""
"2019/02/06 6:28:13 p.m. GMT","Comodidad, ubicación, calidad y precio.","Familiares ","Vivo solo.","No","Lo peor el no poder ver la propiedad hasta llegar a la ciudad , lo mejor quedé satisfecha con el espacio","Tal vez ayuda de alguien que hubiera pasado por lo mismo"
"2019/02/06 6:28:41 p.m. GMT","Good location y cercania ","Paginas de fb y a través de la universidad","Si","No","Visitar los lugares, negociar con los dueños","Accesibilidad a la informacion"
"2019/02/06 6:29:08 p.m. GMT","Precio y ubicación.","Preguntar a amigos y buscando en las ofertas puestas en los muros de la universidad.","Busque lugar junto con un amigo y mi hermana. Ya contaba con roomies.","","","Una manera de conocer otros estudiantes que buscan roomies hubiera sido útil."
"2019/02/06 6:29:56 p.m. GMT","Estacionamiento, precio, antigüedad del edificio ","Páginas de internet ","Si ya tenia y vivo con un roomie ","Me cancelaron un departamento apalabrado dos días antes de firmar el contrato ","Lo mejor: la facilidad de encontrar muchas opciones en internet 
Lo peor: muchos departamentos no eran lo que parecían en las fotos entonces nos tardamos en encontrar ","Seriedad de los Renteros "
"2019/02/06 6:38:58 p.m. GMT","Cercania a la universidad","En internet","Ya tenia, de prepa","No, ninguna","Conseguimos rapido, pero la ubicacion no era tan buena, entonces me mude y la ubicacion ya es mucho mas cerca y al mismo precio, aunque los otros departamentos eran mas nuevos","Mas disponibilidad de departamentos"
"2019/02/06 6:44:49 p.m. GMT","Gastos comunes incluidos, habitación personal, que tenga cocina y refrigerador","Páginas y recomendaciones","Si","No","Lo peor es el estrés de buscar 
Lo mejor conocer la variedades de departamentos ","Busque con un compañero "
"2019/02/06 6:47:52 p.m. GMT","Ubicación, antiguedad, amenidades y precio","paginas de internet","Si","Muchos problemas para los contratos, avales, etc","visitas a los departamentos","Plataformas mucho mas amigables para el usuario"
"2019/02/06 6:53:05 p.m. GMT","Cuarto con baño, el precio, la ubicación","Páginas de internet ","Sí tenía, eran amigas mías del itam","Sí, casi nadie aceptaba aval foráneo y hubo complicaciones por eso, tuvimos que pagar una fianza además de poner al aval foráneo. También con quien terminamos rentando nos ponía muchas trabas en el contrato.","Lo peor fue la falta de comunicación entre roomies sobre presupuestos y lo que buscábamos, esto dificultó la decisión sobre el departamento a elegir. Tambien el problema del aval. Lo mejor fue ver los varios departamentos disponibles, me gusta visitarlos.","Que aceptaran aval foráneo sin necesidad de fianza y que los contratos puedan ser de 6 meses, no de mínimo 1 año. Un poco más de flexibilidad en el contrato. "
"2019/02/06 7:09:21 p.m. GMT","Ubicación","Familiares y corredores","Ya tenía ","No","","Que no tenga wue ser en efectivo"
"2019/02/06 7:19:59 p.m. GMT","Baño personal, amueblado de cama escritorio y closet. Ubicación cercana a dónde estudio. Sin restricciones en horarios de acceso y salida.","Páginas de internet","Vivo sólo.","Los lugares antes de encontrar el lugar en donde me encuentro o se salían de mi presupuesto totalmente o se encontraban en pésimas condiciones","Lo mejor fue encontrar entre mis primeras opciones un lugar que se adecuara a mis necesidades. Lo peor fue buscar un lugar que se adecuara a mi presupuesto.","Mejor difusión de los lugares en renta"
"2019/02/06 8:06:54 p.m. GMT","Cercanía al itam ","Amigos y corchos del itam ","Encontré un anuncio en los corchos del itam ","No ","Lo peor es llegar y no saber dónde buscar ni nadie que te diga qué zonas son seguras y cuales no lo son. 
Lo mejor es encontrar un lugar donde te veas viviendo el resto de tu vida de estudiante. ","Que el itam proporcione un mayor apoyo a los foráneos con la búsqueda e indicativos sobre la seguridad de la zona "
"2019/02/06 9:01:31 p.m. GMT","Precio, limpieza, iluminación, ambiente en general ","Corchos ITAM, Facebook, páginas de internet de roomies ","Estaban en la casa cuando llegue ","Si, primero una señora ya mayor que llamaba a mi casa para “acusarme” sobre varias cosas falsas, segundo (donde estoy ahorita) hay humedad en la casa y los caseros suelen ser groseros ","","Mayor apoyo por parte de la universidad "
"2019/02/07 1:49:12 a.m. GMT","Precio , lugar , comodidad","Amigos","Si","No","Mi roomie hizo el proceso","Una app mi nardo ! Do it !"
"2019/02/07 1:50:03 a.m. GMT","Buena zona y buen espacio","Familiares","Tenía a mi hermano de roomie","No, ni una","Lo peor la mudanza, lo mejor la ubicación","Empresa de transporte de muebles"
"2019/02/07 1:57:25 a.m. GMT","Ubicación y precio ","Familiares ","Si, mi hermana ya vivía aquí ","No","No tuve ninguna dificultad, lo mejor fue la facilidad de encontrar el departamento por mi familia","No "
"2019/02/07 1:58:56 a.m. GMT","Espacio, localización y precio","Amigos y anuncios del ITAM ","Los conseguí en un anuncio del ITAM ","No","Los encontré a la primera, fué suerte","Una página de internet con departamentos disponibles en la zona o una página en la que pueda ver a los estudiantes que están buscando roomies"
"2019/02/07 2:36:41 a.m. GMT","Siempre la he tenido ","Siempre la he tenido ","No, no tengo","No","Nada","No"
"2019/02/07 3:09:53 a.m. GMT","Cercanía a la uni","Internet","Vivo solo","Los lugares ya estaban rentados","Encontrar el lugar ideal","Una pagina web que se apegara a mis requerimientos "
"2019/02/07 3:39:59 a.m. GMT","Localización ","La página de roomies itam","Ya tenía, los conocí en ubidorms","No","Peor: conseguir los papeles del arrendatario, lo mejor: estaba amueblado y nos remodelaron la cocina antes de entrar","Un casero más disponible "
"2019/02/07 3:41:09 a.m. GMT","Seguridad y pisos bajos","Internet, amigos y familia","Vivo sola entonces no busque roomies!","No","Lo peor fue que no encontraba departamentos que cumplieran con todo lo que necesitaba y lo mejor fueron las multiples plataformas que exosten para buscar departamento","Ayuda de algun asesor"
"2019/02/07 3:42:36 a.m. GMT","Ventana, cocina, amueblado","Amigos y fb","No","Si","Encontrar buenos roomies. Aprender ","Un roomie match"
"2019/02/07 3:43:18 a.m. GMT","Que estuviera amueblado y que fuera accesible en precios ","Páginas de internet ","Si","No"," Todo estuvo bien ","No"
"2019/02/07 3:44:33 a.m. GMT","Distancia, baño propio, mantenimiento y limpieza","Vine cerca de la universidas y empece a sondear","No, ya vivían en la casa donde rente habitación ","Hay casas muy feas y en condiciones deplorables con rentas demasiado exageradas","Lo peor fue todo lo que vi, lo mejor fue que consegui algo rapido","Si, mejor publicidad y precios mas accesibles"
"2019/02/07 3:47:19 a.m. GMT","Ubicación y costo","Internet","Ya tenía roomies","La mayoría de los anunciantes exageran mucho","Peor: escacez (pocas opciones)
Mejor: encontrar el lugar","Centralizar la información de disponibilidad"
"2019/02/07 3:53:40 a.m. GMT","Cercanía, costo y amenidades","Páginas de internet y con una inmobiliaria","Son de la misma ciudad, los conocía desde antes ","No ","",""
"2019/02/07 4:06:51 a.m. GMT","Que la construcción fuese sólida (en caso de temblor).","Páginas de Internet ","Ya","Sí. Los cuartos estaban en mal estado ","Perder la esperanza cada vez más en las rentas. Conocer los alrededores.",""
"2019/02/07 4:14:04 a.m. GMT","Cercanía del ITAM, espacio, precio, ruidos externos ","Vi un anuncio en el mismo departamento","Sí","No","Lo peor fue trasladar todas mis cosas de donde vivía antes al depa a través de Uber y caminando. Lo mejor fue instalarme y saber que ya no viviría en el otro lugar","Mejor transporte de cosas"
"2019/02/07 4:15:59 a.m. GMT","Cuarto y baño propio. Rumbo seguro. Closet de gran tamaño","Dada room. Amigos","Primer departamento por dada room conoci roomies y en el actual busque con una amiga.","Excesos de renta, espacios/closets pequeños","Peor: que se acercara la fecha de encontrar depa y no tener. Lo mejor: comparar las viviendas","Un agente de bienes raíces que buscará lugares con presupuestos de estudiantes"
"2019/02/07 4:22:12 a.m. GMT","Ubicación y diseño ","Internet ","Sí ","La búsqueda fue complicada ","Lo peor fue la incertidumbre del proceso y lo mejor fue la ilusión del lugar ","Un conocimiento más acertado del proceso de renta "
"2019/02/07 5:00:46 a.m. GMT","Seguridad de la zona, tamaño y condiciones del departamento","Páginas de internet y conocidos ","Sí","No, todo salió muy bien y rápido","Lo mejor fue que ya tenía los servicios de agua, luz y gas incluidos y lo peor fueron ciertos detalles que le encontramos al depa (como falta de conexiones en la cocina, falta de toalleros, etc.)","Que mis papás hubieran podido venir a ayudarme a mover mis cosas, pero por razones de trabajo y distancia no pudieron"
"2019/02/07 5:29:17 a.m. GMT","Ubicación, precio, instalaciones.","Internet e instituciones inmobiliarias ","Vivo solo","El arrendador, no se explicaba muy bien y no explicaba las cosas muy bien. ","Lo mejor fue finalmente tener el deparamento","Asesoría legal para contratos etc. "
"2019/02/07 5:38:27 a.m. GMT","Bueno, bonito y barato ","Internet","Vivo solo","No","Lo peor es lo tardado y lo mejor que estaba bien ","Una mejor interfaz "
"2019/02/07 2:07:25 p.m. GMT","Ventana, cocina, amueblado","Amigos y fb","No","Si","Encontrar buenos roomies. Aprender ","Un roomie match"
"2019/02/07 4:46:49 p.m. GMT","Servicios como internet, luz, instalaciones de agua, cuarto de lavado. Así como la ubicación de la propiedad","Amigos y páginas de internet ","No, es una casa de un amigo de mi papá ","No realmente","Lo peor fue negociar los precios y reglas de la casa","Tener preestablecidos los pagos"